Eid, Last Name, First Name, Email, Password, Type, Id
joshryan, Ryan, Joshua, josh@asu.edu, joshryan, registered, joshryan
barney, Rubble, Barney, barney@test.com, betty, Student, barney
betty, Rubble, Betty, betty@test.com, barney, Student, betty
kazoo, Kazoo, The Great, kazoo@test.com, kazoo, Student, kazoo
fred, Flintstone, Fred, fred@test.com, fred, Student, fred
wilma, Flintstone, Wilma, wilma@test.com, wilma, Student, wilma
bambam, Rubble, Bam Bam, bambam@test.com, bambam, Student, bambam
